17,17,17,17,17,17,17,17,17,17,17,17,3,33,33,33,33,33,33,33,33,33,33,33,33,33,33,33,33,33,33,33,33,33,33,33,33,33,33,33,33,33,33,33,33,33,33,33,33,33,33,33,33,33,33,33,33,33,33,33,33,33,33,33,33,33,33,33,33,33,33,33,33,33,33,33,33,33,33,33,33,33,33,33,33,33,33,33,33,33,33,33,33,33,33,33,33,33,33,33,33,33,33,17
17,17,17,17,17,17,17,17,17,17,17,17,18,224,-1,-1,-1,-1,-1,-1,-1,-1,-1,-1,-1,-1,-1,-1,-1,-1,-1,-1,-1,-1,-1,-1,-1,-1,-1,-1,-1,-1,-1,-1,-1,-1,-1,160,-1,-1,-1,160,-1,-1,-1,160,-1,-1,-1,160,-1,-1,-1,160,-1,-1,-1,160,-1,-1,-1,-1,-1,-1,-1,-1,-1,-1,-1,-1,-1,-1,-1,-1,-1,-1,-1,-1,-1,-1,-1,-1,-1,-1,-1,-1,-1,-1,-1,-1,-1,-1,-1,16
17,17,17,17,17,17,17,17,17,17,17,17,18,224,-1,-1,-1,-1,-1,-1,-1,-1,-1,-1,-1,-1,-1,-1,-1,-1,-1,-1,-1,-1,-1,-1,-1,-1,-1,-1,-1,-1,-1,-1,-1,-1,-1,-1,-1,-1,-1,-1,-1,-1,-1,-1,-1,-1,-1,-1,-1,-1,-1,-1,-1,-1,-1,-1,-1,-1,-1,-1,-1,-1,-1,-1,-1,-1,-1,-1,-1,-1,-1,-1,-1,-1,-1,-1,-1,-1,-1,-1,-1,-1,-1,-1,-1,-1,313,314,315,316,317,16
17,17,17,17,17,17,17,17,17,17,17,17,18,224,-1,-1,-1,-1,-1,-1,-1,-1,-1,-1,-1,-1,-1,-1,-1,-1,-1,-1,-1,-1,-1,-1,-1,-1,-1,-1,-1,-1,-1,-1,-1,-1,-1,-1,-1,-1,-1,-1,-1,-1,-1,-1,-1,-1,-1,-1,-1,-1,-1,-1,-1,-1,-1,-1,-1,-1,-1,-1,-1,-1,-1,-1,-1,-1,-1,-1,-1,-1,-1,-1,-1,-1,-1,-1,-1,-1,-1,-1,-1,-1,-1,-1,-1,-1,329,330,331,332,333,16
17,17,17,17,17,17,17,17,17,17,17,17,18,224,-1,-1,-1,-1,-1,-1,-1,-1,352,353,354,355,-1,-1,-1,-1,-1,-1,-1,-1,-1,-1,-1,-1,-1,-1,-1,352,353,354,355,-1,-1,-1,-1,-1,-1,-1,-1,-1,-1,-1,-1,-1,-1,-1,-1,-1,-1,-1,-1,-1,-1,-1,-1,-1,-1,-1,-1,-1,-1,-1,-1,-1,-1,372,-1,-1,-1,-1,-1,-1,-1,-1,-1,-1,-1,-1,-1,-1,-1,-1,-1,-1,345,346,347,348,349,16
17,17,17,17,17,17,17,17,17,17,17,17,18,224,-1,-1,-1,-1,304,-1,-1,-1,368,369,370,371,-1,-1,-1,-1,-1,-1,-1,-1,-1,-1,-1,-1,-1,-1,310,368,369,370,371,-1,-1,-1,-1,-1,-1,-1,-1,-1,-1,-1,-1,-1,-1,-1,-1,-1,-1,-1,-1,-1,-1,-1,-1,372,-1,-1,-1,-1,304,-1,-1,-1,0,1,2,-1,-1,256,257,-1,-1,256,257,-1,-1,256,257,-1,-1,256,257,-1,361,362,363,364,365,16
17,17,17,17,17,17,17,17,17,17,17,17,18,224,-1,178,179,0,1,1,1,1,1,1,1,1,1,1,1,1,1,2,-1,-1,-1,-1,-1,-1,178,179,25,9,25,89,41,41,41,41,41,41,41,41,41,41,89,9,57,73,9,57,25,73,9,25,73,9,25,9,41,17,17,17,17,17,17,-1,-1,-1,16,17,18,-1,-1,272,273,-1,-1,272,273,-1,-1,272,273,-1,-1,272,273,-1,377,378,379,380,381,16
17,17,17,17,17,17,17,17,17,17,17,17,18,224,-1,178,179,16,17,17,17,17,17,17,17,17,17,17,17,17,17,18,-1,-1,-1,-1,-1,-1,178,179,-1,-1,-1,-1,-1,-1,-1,-1,-1,-1,-1,-1,-1,-1,-1,-1,-1,-1,-1,-1,-1,-1,-1,-1,-1,-1,-1,-1,-1,-1,-1,-1,-1,-1,-1,-1,-1,-1,16,17,18,-1,-1,-1,-1,-1,-1,-1,-1,-1,-1,-1,-1,-1,-1,-1,-1,-1,393,394,395,396,397,16
17,17,17,17,17,17,17,17,17,17,17,17,18,224,-1,178,179,32,33,33,33,33,33,33,33,33,33,33,33,5,17,18,-1,-1,-1,-1,-1,-1,178,179,-1,-1,-1,-1,-1,-1,-1,-1,-1,-1,-1,-1,-1,-1,-1,-1,-1,-1,-1,-1,-1,-1,-1,-1,-1,-1,-1,-1,-1,-1,-1,-1,-1,-1,-1,-1,-1,-1,16,17,18,-1,-1,-1,-1,-1,-1,-1,-1,-1,-1,-1,-1,-1,-1,-1,-1,-1,0,1,1,1,1,37
17,17,17,17,17,17,17,17,17,17,17,17,18,224,-1,178,179,-1,-1,-1,-1,-1,-1,-1,-1,-1,-1,-1,-1,16,17,18,-1,-1,-1,-1,-1,-1,178,179,-1,-1,-1,-1,-1,-1,-1,208,-1,-1,-1,-1,-1,-1,-1,208,-1,-1,-1,-1,-1,-1,-1,208,-1,-1,-1,-1,-1,-1,-1,-1,-1,-1,-1,-1,-1,-1,16,17,18,-1,-1,-1,-1,-1,-1,-1,-1,-1,-1,-1,-1,-1,-1,-1,-1,-1,16,17,17,17,17,17
17,17,17,17,17,17,17,17,17,17,17,17,18,224,-1,178,179,-1,-1,-1,-1,-1,-1,-1,-1,-1,-1,-1,-1,16,17,18,-1,-1,-1,-1,-1,-1,178,179,-1,-1,-1,-1,-1,-1,-1,-1,-1,-1,-1,-1,-1,-1,-1,-1,-1,-1,-1,-1,-1,-1,-1,-1,-1,-1,-1,-1,-1,-1,-1,-1,-1,-1,-1,-1,-1,-1,16,17,18,-1,-1,-1,-1,-1,-1,-1,-1,-1,-1,-1,-1,-1,-1,-1,-1,-1,16,17,17,17,17,17
17,17,17,17,17,17,17,17,17,17,17,17,18,224,-1,178,179,-1,-1,-1,-1,-1,-1,-1,-1,-1,-1,-1,-1,16,17,18,-1,-1,-1,-1,-1,-1,178,179,310,339,340,341,-1,-1,-1,-1,-1,-1,-1,208,-1,-1,-1,-1,-1,-1,-1,208,-1,-1,-1,-1,-1,-1,-1,208,-1,-1,-1,356,357,358,306,-1,-1,-1,16,17,18,-1,-1,-1,-1,-1,-1,-1,-1,-1,-1,-1,-1,-1,-1,-1,-1,-1,16,17,17,17,17,17
17,17,17,17,17,17,17,17,17,17,17,17,18,224,-1,178,179,-1,-1,-1,-1,-1,-1,-1,-1,-1,-1,-1,-1,16,17,18,-1,-1,404,405,406,407,178,179,99,97,97,97,97,97,97,97,97,97,97,97,97,97,97,97,97,97,97,97,97,97,97,97,97,97,97,97,98,68,53,39,39,39,2,-1,-1,-1,16,17,18,-1,-1,-1,-1,-1,-1,-1,-1,-1,-1,-1,-1,-1,-1,-1,-1,-1,16,17,17,17,17,17
17,17,17,17,17,17,17,17,17,17,17,17,18,224,-1,178,179,-1,-1,-1,-1,-1,-1,-1,-1,-1,-1,-1,-1,16,17,18,-1,-1,420,421,422,423,178,179,-1,-1,-1,-1,-1,-1,-1,-1,-1,-1,-1,-1,-1,-1,-1,-1,-1,-1,-1,-1,-1,-1,-1,-1,-1,-1,-1,-1,-1,-1,-1,-1,-1,17,18,-1,-1,-1,16,17,18,-1,-1,240,240,-1,-1,240,240,-1,-1,240,240,-1,-1,240,240,-1,16,17,17,17,17,17
17,17,17,17,17,17,17,17,17,17,17,17,18,224,-1,178,179,-1,-1,-1,-1,-1,-1,-1,-1,-1,-1,-1,-1,16,17,18,-1,-1,436,437,438,439,178,179,-1,-1,-1,-1,-1,-1,-1,-1,-1,-1,-1,-1,-1,-1,-1,-1,-1,-1,-1,-1,-1,-1,-1,-1,-1,-1,-1,-1,-1,-1,-1,-1,-1,17,18,-1,-1,-1,16,17,35,1,1,1,1,1,1,1,1,1,1,1,1,1,1,1,1,1,37,17,17,17,17,17
17,17,17,17,17,17,17,17,17,17,17,17,18,224,-1,178,179,-1,-1,-1,-1,-1,-1,-1,-1,-1,-1,-1,-1,16,17,18,-1,-1,452,453,454,455,-1,-1,-1,-1,-1,-1,-1,-1,-1,-1,-1,-1,-1,-1,-1,-1,-1,-1,-1,-1,-1,-1,-1,-1,-1,-1,-1,-1,-1,-1,-1,-1,-1,-1,-1,17,18,-1,-1,-1,16,17,17,17,17,17,17,17,17,17,17,17,17,17,17,17,17,17,17,17,17,17,17,17,17,17
17,17,17,17,17,17,17,17,17,17,17,17,18,224,-1,178,179,-1,-1,-1,-1,-1,-1,-1,-1,-1,-1,-1,-1,16,17,18,-1,-1,468,469,470,471,374,-1,310,384,385,386,387,388,-1,-1,-1,-1,240,-1,-1,374,-1,240,-1,-1,-1,-1,240,-1,-1,304,-1,240,-1,-1,372,-1,-1,-1,-1,17,18,192,192,192,16,17,17,17,17,17,17,17,17,17,17,17,17,17,17,17,17,17,17,17,17,17,17,17,17,17
17,17,17,17,17,17,17,17,17,17,17,17,18,224,-1,176,177,-1,-1,-1,-1,-1,-1,-1,-1,-1,-1,-1,-1,16,17,17,1,1,1,1,1,1,1,1,1,1,1,1,1,1,1,1,1,1,1,1,1,1,1,1,1,1,1,1,1,1,1,1,1,1,1,1,1,1,1,1,1,17,17,1,1,1,17,17,17,17,17,17,17,17,17,17,17,17,17,17,17,17,17,17,17,17,17,17,17,17,17,17
17,17,17,17,17,17,17,17,17,17,17,17,35,1,1,1,66,96,97,100,-1,-1,-1,-1,-1,-1,-1,-1,-1,32,33,33,33,33,33,33,33,33,33,33,33,33,33,33,33,33,33,33,33,33,33,33,33,33,5,17,17,17,17,17,17,17,3,33,33,33,33,33,33,33,33,33,33,33,33,33,33,33,33,33,33,5,17,17,3,33,33,33,33,33,33,33,33,33,33,33,33,33,33,33,33,33,33,5
17,17,17,17,17,17,17,17,17,17,17,17,17,17,17,17,18,-1,-1,-1,-1,-1,-1,-1,-1,-1,-1,-1,-1,-1,-1,-1,-1,-1,-1,-1,-1,-1,-1,-1,-1,-1,-1,-1,-1,-1,-1,-1,-1,-1,-1,-1,-1,-1,16,17,17,17,17,17,17,17,18,-1,-1,-1,-1,-1,-1,-1,-1,-1,-1,-1,-1,-1,-1,-1,-1,-1,-1,16,17,17,18,-1,-1,-1,-1,-1,-1,-1,-1,-1,-1,-1,-1,-1,-1,-1,-1,-1,-1,16
17,17,17,17,17,17,17,17,17,17,17,17,17,17,17,17,18,-1,-1,-1,-1,-1,-1,-1,-1,-1,-1,-1,-1,-1,-1,-1,-1,-1,-1,-1,-1,-1,-1,-1,-1,-1,-1,-1,-1,-1,-1,-1,-1,-1,-1,-1,-1,-1,16,17,17,17,17,17,17,17,18,-1,-1,-1,-1,-1,-1,-1,-1,-1,-1,-1,-1,-1,-1,-1,-1,-1,-1,16,17,17,18,-1,-1,-1,-1,-1,-1,-1,-1,-1,-1,-1,-1,-1,-1,-1,-1,-1,-1,16
17,17,17,17,17,17,17,17,17,17,17,17,17,17,17,17,18,-1,-1,-1,-1,-1,-1,-1,-1,-1,-1,-1,-1,-1,-1,-1,-1,-1,-1,-1,-1,-1,-1,-1,-1,-1,-1,-1,-1,-1,-1,-1,-1,-1,-1,-1,-1,-1,16,17,17,17,17,17,17,17,18,-1,-1,-1,-1,-1,-1,-1,-1,-1,-1,374,-1,-1,-1,-1,-1,-1,-1,16,17,17,18,-1,-1,-1,-1,-1,-1,-1,-1,-1,-1,-1,-1,-1,-1,-1,-1,-1,-1,16
17,17,17,17,17,17,17,17,17,17,17,17,17,17,17,17,18,-1,-1,-1,-1,-1,-1,96,97,100,-1,-1,-1,-1,-1,-1,-1,-1,-1,-1,-1,-1,-1,-1,-1,-1,-1,-1,-1,-1,-1,-1,-1,-1,-1,-1,-1,-1,32,33,33,33,33,33,33,33,34,-1,-1,-1,0,1,1,1,64,65,66,65,66,64,65,66,-1,-1,-1,16,17,17,18,-1,-1,-1,-1,-1,-1,-1,-1,-1,-1,-1,-1,-1,-1,-1,-1,-1,-1,16
17,17,17,17,17,17,17,17,17,17,17,17,17,17,17,17,18,-1,-1,-1,-1,-1,-1,-1,-1,-1,-1,-1,-1,-1,-1,-1,-1,-1,-1,-1,-1,-1,-1,-1,-1,-1,-1,-1,-1,-1,-1,-1,-1,-1,-1,-1,-1,-1,-1,-1,-1,-1,-1,-1,-1,-1,-1,-1,-1,-1,16,17,17,18,-1,-1,-1,-1,-1,-1,-1,-1,-1,-1,-1,16,17,17,18,-1,-1,-1,-1,-1,-1,-1,-1,-1,-1,-1,-1,-1,-1,-1,-1,-1,-1,16
17,17,17,17,17,17,17,17,17,17,17,17,17,17,17,17,18,-1,-1,-1,-1,-1,-1,-1,-1,-1,-1,-1,-1,-1,-1,-1,-1,-1,-1,-1,-1,-1,-1,-1,-1,-1,-1,-1,-1,-1,-1,-1,-1,-1,-1,-1,-1,-1,-1,-1,-1,-1,-1,-1,-1,-1,-1,-1,-1,-1,16,17,17,18,-1,-1,-1,-1,-1,-1,-1,-1,-1,-1,-1,16,17,17,18,-1,-1,-1,-1,-1,-1,-1,-1,-1,-1,-1,-1,-1,-1,-1,-1,-1,-1,16
17,17,17,17,17,17,17,17,17,17,17,17,17,17,17,17,18,-1,-1,-1,-1,-1,-1,-1,-1,-1,-1,-1,-1,-1,-1,-1,-1,-1,-1,-1,-1,-1,-1,-1,-1,-1,-1,-1,-1,-1,-1,-1,-1,-1,-1,-1,-1,-1,-1,-1,-1,-1,-1,-1,-1,-1,-1,-1,352,353,16,17,17,18,-1,-1,-1,-1,-1,-1,-1,-1,-1,-1,-1,16,17,17,18,-1,-1,-1,-1,-1,-1,-1,-1,-1,-1,-1,-1,-1,-1,-1,-1,-1,-1,16
17,17,17,17,17,17,17,17,17,17,17,17,17,17,17,17,18,-1,-1,-1,-1,-1,-1,-1,-1,-1,-1,-1,-1,99,97,98,-1,-1,-1,-1,-1,-1,-1,-1,-1,-1,-1,-1,-1,-1,-1,-1,-1,-1,-1,-1,-1,-1,-1,-1,-1,-1,-1,-1,-1,-1,387,388,368,369,16,17,17,18,-1,-1,-1,-1,-1,-1,-1,-1,-1,-1,-1,16,17,17,18,-1,-1,-1,-1,-1,-1,-1,-1,-1,-1,-1,-1,-1,-1,-1,-1,-1,-1,16
17,17,17,17,17,17,17,17,17,17,17,17,17,17,17,17,18,-1,-1,-1,-1,-1,-1,-1,-1,-1,-1,-1,-1,-1,-1,-1,-1,-1,-1,-1,-1,-1,-1,-1,-1,-1,-1,-1,-1,-1,-1,-1,-1,-1,-1,-1,-1,-1,-1,-1,-1,-1,-1,-1,0,1,1,1,1,1,37,17,17,18,-1,-1,-1,-1,-1,-1,-1,-1,-1,-1,-1,16,17,17,18,-1,-1,-1,-1,-1,-1,-1,-1,-1,-1,-1,-1,-1,-1,-1,-1,-1,-1,16
17,17,17,17,17,17,17,17,17,17,17,17,17,17,17,17,18,-1,-1,-1,-1,-1,-1,-1,-1,-1,-1,-1,-1,-1,-1,-1,-1,-1,-1,-1,-1,-1,-1,-1,-1,-1,-1,-1,-1,-1,-1,-1,-1,-1,-1,-1,-1,-1,-1,-1,-1,-1,-1,-1,16,17,17,17,17,17,17,17,17,18,-1,-1,-1,-1,-1,-1,-1,374,-1,-1,-1,16,17,17,18,-1,-1,-1,-1,-1,-1,-1,-1,-1,-1,-1,-1,-1,-1,-1,-1,-1,-1,16
17,17,17,17,17,17,17,17,17,17,17,17,17,17,17,17,18,-1,-1,-1,480,481,482,483,484,485,486,-1,-1,-1,-1,-1,-1,-1,-1,-1,-1,-1,-1,-1,-1,-1,-1,-1,-1,-1,-1,-1,-1,-1,-1,-1,-1,-1,305,-1,-1,192,192,192,16,17,17,17,17,17,17,17,17,18,-1,-1,-1,-1,-1,0,65,66,64,65,66,22,17,17,18,-1,-1,-1,-1,-1,-1,-1,-1,-1,-1,-1,-1,-1,-1,-1,-1,-1,-1,16
17,17,17,17,17,17,17,17,17,17,17,17,17,17,17,17,18,-1,-1,-1,496,497,498,499,500,501,502,-1,-1,-1,-1,-1,-1,-1,-1,99,97,98,-1,-1,-1,-1,-1,-1,-1,-1,-1,-1,-1,-1,-1,-1,-1,-1,0,1,1,1,1,1,37,17,17,17,17,17,17,17,17,18,-1,-1,-1,-1,404,405,406,407,-1,-1,-1,16,17,17,18,-1,-1,-1,-1,-1,-1,-1,-1,-1,-1,-1,-1,-1,-1,-1,-1,-1,-1,16
17,17,17,17,17,17,17,17,17,17,17,17,17,17,17,17,18,-1,-1,-1,512,513,514,515,516,517,518,-1,-1,-1,-1,-1,-1,-1,-1,-1,-1,-1,-1,-1,-1,307,356,357,358,-1,-1,-1,-1,-1,-1,240,240,-1,16,17,17,17,17,17,17,17,17,17,17,17,17,17,17,18,-1,-1,-1,-1,420,421,422,423,-1,-1,-1,32,33,33,34,-1,-1,-1,-1,-1,-1,-1,-1,-1,-1,-1,-1,-1,-1,-1,-1,-1,-1,16
17,17,17,17,17,17,17,17,17,17,17,17,17,17,17,17,18,-1,-1,-1,528,529,530,531,532,533,534,-1,-1,-1,-1,-1,-1,-1,-1,-1,-1,-1,-1,-1,-1,54,54,54,68,96,97,97,97,97,98,22,1,1,37,17,17,17,17,17,17,17,17,17,17,17,17,17,17,38,50,51,-1,-1,436,437,438,439,-1,-1,-1,-1,-1,-1,-1,-1,-1,-1,-1,-1,-1,-1,-1,-1,-1,-1,-1,-1,-1,-1,-1,-1,-1,16
17,17,17,17,17,17,17,17,17,17,17,17,17,17,17,17,18,-1,-1,-1,544,545,546,547,548,549,550,-1,-1,-1,-1,-1,-1,-1,-1,-1,-1,-1,-1,-1,-1,54,17,17,17,17,17,17,17,17,17,17,17,17,17,17,17,17,17,17,17,17,17,17,17,17,17,17,17,18,-1,-1,-1,-1,452,453,454,455,-1,49,50,51,-1,-1,-1,49,50,51,-1,-1,326,327,-1,-1,-1,-1,-1,-1,-1,-1,-1,-1,-1,16
17,17,17,17,17,17,17,17,17,17,17,17,17,17,17,17,18,-1,339,-1,560,112,562,563,564,565,566,112,-1,-1,-1,-1,-1,112,-1,-1,-1,-1,-1,112,-1,54,17,17,17,17,17,17,17,17,17,17,17,17,17,17,17,17,17,17,17,17,17,17,17,17,17,17,17,18,-1,-1,-1,-1,468,469,470,471,307,-1,-1,-1,-1,-1,-1,-1,-1,-1,-1,-1,342,343,305,-1,-1,-1,-1,-1,-1,-1,-1,-1,-1,16
17,17,17,17,17,17,17,17,17,17,17,17,17,17,17,17,17,1,1,1,1,1,1,1,1,1,1,1,1,1,1,1,1,1,1,1,1,1,1,1,1,1,17,17,17,17,17,17,17,17,17,17,17,17,17,17,17,17,17,17,17,17,17,17,17,17,17,17,17,17,1,1,1,1,1,1,1,1,1,1,1,1,1,1,1,1,1,1,1,1,1,1,2,178,179,-1,-1,-1,-1,-1,-1,-1,-1,16
17,33,33,33,33,33,33,33,33,33,33,33,33,33,33,33,33,33,33,33,33,33,33,33,33,33,33,33,33,33,33,33,33,33,33,33,33,33,33,33,33,33,33,33,33,33,33,33,33,33,33,33,33,33,33,33,33,33,33,33,17,17,33,33,33,33,33,33,33,33,33,33,33,33,33,33,33,33,33,33,33,33,33,33,33,33,33,33,33,33,33,33,34,178,179,-1,-1,-1,-1,-1,-1,-1,-1,16
18,-1,-1,-1,-1,-1,-1,-1,-1,-1,-1,-1,-1,-1,-1,-1,-1,-1,-1,-1,-1,-1,-1,-1,-1,-1,-1,-1,-1,-1,-1,-1,-1,-1,-1,-1,-1,-1,-1,160,-1,-1,160,-1,-1,160,-1,-1,-1,-1,-1,-1,-1,-1,-1,-1,-1,-1,-1,-1,16,18,-1,-1,-1,-1,-1,-1,-1,-1,-1,-1,-1,-1,-1,-1,-1,-1,-1,-1,-1,-1,-1,-1,-1,-1,-1,-1,-1,-1,-1,-1,-1,178,179,-1,-1,-1,-1,-1,-1,-1,-1,16
18,-1,-1,-1,-1,-1,-1,-1,-1,-1,-1,-1,-1,-1,-1,-1,-1,-1,-1,-1,-1,-1,-1,-1,-1,-1,-1,-1,326,327,-1,-1,-1,-1,-1,-1,-1,-1,-1,-1,-1,-1,-1,-1,-1,-1,-1,-1,-1,-1,-1,-1,-1,-1,-1,-1,-1,-1,-1,-1,16,18,-1,-1,-1,-1,-1,-1,-1,-1,-1,-1,-1,-1,-1,-1,-1,-1,-1,-1,-1,-1,-1,-1,-1,-1,-1,-1,-1,-1,-1,-1,-1,178,179,-1,-1,-1,-1,-1,-1,-1,-1,16
18,-1,-1,-1,-1,-1,-1,-1,-1,-1,-1,-1,-1,-1,-1,-1,-1,-1,-1,-1,-1,-1,-1,-1,-1,-1,-1,-1,342,343,-1,308,-1,-1,-1,-1,-1,-1,-1,-1,-1,-1,-1,-1,-1,-1,-1,-1,-1,-1,-1,-1,-1,-1,-1,-1,-1,-1,-1,-1,16,18,-1,-1,-1,-1,-1,-1,-1,-1,-1,-1,-1,-1,-1,-1,-1,-1,-1,-1,-1,-1,-1,-1,-1,-1,-1,-1,-1,-1,-1,-1,-1,178,179,-1,-1,-1,-1,-1,-1,-1,-1,16
18,-1,-1,-1,-1,-1,-1,-1,-1,-1,-1,-1,-1,-1,-1,-1,-1,-1,-1,-1,-1,-1,-1,-1,-1,-1,-1,0,1,1,1,2,-1,-1,-1,-1,-1,-1,-1,-1,-1,-1,-1,-1,-1,-1,-1,-1,-1,-1,-1,-1,-1,-1,-1,-1,-1,-1,-1,-1,16,18,224,-1,-1,-1,0,2,-1,-1,-1,-1,-1,-1,-1,-1,-1,-1,-1,-1,-1,-1,-1,-1,-1,-1,-1,-1,-1,-1,-1,-1,-1,178,179,-1,-1,-1,-1,-1,320,321,322,16
18,-1,-1,-1,-1,-1,-1,-1,-1,-1,-1,-1,-1,-1,-1,-1,-1,-1,-1,-1,-1,-1,-1,-1,-1,-1,-1,16,17,17,17,18,-1,424,425,426,427,-1,-1,-1,-1,-1,-1,-1,-1,-1,-1,-1,-1,-1,-1,-1,-1,-1,-1,-1,-1,-1,-1,-1,16,18,-1,-1,-1,-1,16,18,-1,256,257,-1,256,257,-1,256,257,-1,256,257,-1,256,257,-1,-1,-1,-1,-1,-1,-1,-1,-1,-1,-1,-1,-1,-1,-1,-1,-1,336,337,338,16
18,313,314,315,316,317,-1,-1,-1,-1,-1,-1,-1,-1,-1,-1,-1,-1,-1,-1,-1,-1,-1,-1,-1,-1,-1,16,17,17,17,18,-1,440,441,442,443,-1,-1,-1,-1,-1,-1,-1,-1,-1,-1,-1,-1,-1,-1,-1,-1,-1,-1,-1,-1,-1,-1,-1,16,18,-1,-1,-1,-1,16,18,-1,272,273,-1,272,273,-1,272,273,-1,272,273,-1,272,273,-1,-1,-1,-1,-1,-1,-1,-1,-1,-1,-1,-1,-1,48,48,-1,-1,0,1,1,37
18,329,330,331,332,333,-1,-1,-1,-1,-1,-1,-1,-1,-1,-1,-1,-1,-1,-1,372,373,-1,-1,-1,-1,-1,16,17,17,17,18,-1,456,457,458,459,-1,-1,-1,-1,-1,-1,-1,-1,-1,-1,-1,-1,-1,-1,-1,-1,-1,-1,-1,-1,-1,-1,-1,16,18,-1,-1,-1,-1,16,18,-1,-1,-1,-1,-1,-1,-1,-1,-1,-1,-1,-1,-1,-1,-1,-1,-1,-1,-1,-1,-1,-1,-1,-1,-1,-1,-1,-1,-1,-1,-1,-1,16,17,17,17
18,345,346,347,348,349,-1,-1,-1,-1,-1,-1,-1,-1,-1,-1,-1,-1,-1,49,50,51,-1,-1,-1,-1,-1,16,17,17,17,18,-1,472,473,474,475,-1,-1,-1,-1,-1,-1,-1,-1,-1,-1,-1,-1,-1,-1,-1,-1,-1,-1,-1,-1,-1,-1,-1,16,18,-1,-1,-1,224,16,18,-1,-1,-1,-1,-1,-1,-1,-1,-1,-1,-1,-1,-1,-1,-1,-1,-1,-1,-1,-1,-1,-1,-1,-1,-1,-1,-1,-1,-1,-1,-1,-1,32,33,33,5
18,361,362,363,364,365,-1,-1,-1,-1,-1,-1,-1,-1,-1,-1,-1,-1,-1,-1,-1,-1,-1,-1,-1,-1,-1,16,17,17,17,17,1,1,1,1,1,9,9,25,41,41,41,89,9,25,41,73,-1,-1,-1,-1,-1,-1,-1,-1,-1,-1,-1,-1,16,18,-1,-1,-1,-1,16,18,240,240,240,240,240,240,240,240,240,240,240,240,240,240,240,-1,-1,-1,-1,-1,-1,-1,-1,-1,-1,-1,-1,-1,-1,-1,-1,-1,-1,-1,-1,16
18,377,378,379,380,381,-1,-1,-1,-1,-1,-1,-1,-1,-1,-1,-1,-1,-1,-1,-1,-1,-1,-1,-1,-1,-1,16,17,17,17,17,17,17,17,17,17,17,17,17,17,17,17,17,17,17,17,18,-1,-1,-1,-1,-1,-1,-1,-1,-1,-1,-1,-1,16,18,-1,-1,-1,-1,16,35,1,1,1,1,1,1,1,1,1,1,1,1,1,1,2,-1,-1,-1,-1,-1,-1,-1,-1,-1,-1,-1,-1,-1,-1,-1,-1,-1,-1,-1,-1,16
18,393,394,395,396,304,-1,-1,-1,-1,-1,-1,-1,-1,-1,-1,-1,-1,-1,-1,-1,-1,-1,-1,-1,-1,-1,16,17,17,17,17,17,17,17,17,17,17,17,17,17,17,17,17,17,17,17,18,-1,-1,-1,-1,-1,-1,-1,-1,-1,-1,-1,-1,16,18,-1,-1,-1,-1,16,17,17,17,17,17,17,17,17,17,17,17,17,17,17,17,18,-1,-1,480,481,482,483,484,485,486,-1,-1,-1,-1,384,385,-1,-1,-1,-1,-1,16
17,1,1,1,1,2,-1,-1,-1,-1,-1,-1,-1,-1,-1,-1,387,388,-1,-1,-1,-1,-1,-1,-1,-1,-1,16,17,17,17,17,17,17,17,17,17,17,17,17,17,17,17,17,17,17,17,17,1,1,1,2,-1,-1,-1,-1,-1,-1,-1,-1,32,34,224,-1,-1,-1,16,17,17,17,17,17,17,17,17,17,17,17,17,17,17,17,18,-1,-1,496,497,498,499,500,501,502,-1,178,179,3,4,5,-1,-1,-1,-1,-1,16
17,17,17,17,17,18,-1,-1,-1,-1,-1,-1,-1,-1,-1,49,50,51,-1,-1,-1,-1,-1,-1,-1,-1,-1,16,17,17,17,17,17,17,17,17,17,17,17,17,17,17,17,17,17,17,17,17,17,17,17,18,-1,-1,-1,-1,-1,-1,-1,-1,-1,-1,-1,-1,-1,-1,16,17,17,17,17,17,17,17,17,17,17,17,17,17,17,17,18,-1,-1,512,513,514,515,516,517,518,-1,178,179,-1,-1,-1,-1,-1,-1,-1,-1,16
17,17,17,17,17,18,-1,-1,-1,-1,-1,-1,306,-1,-1,-1,-1,-1,-1,-1,-1,-1,-1,-1,-1,-1,-1,16,17,17,17,17,17,17,17,17,17,17,17,17,17,17,17,17,17,17,17,17,17,17,17,18,-1,-1,-1,-1,-1,-1,-1,-1,-1,-1,-1,-1,-1,-1,16,17,17,17,17,17,17,17,17,17,17,17,17,17,17,17,18,-1,-1,528,529,530,531,532,533,534,-1,178,179,-1,-1,-1,-1,-1,-1,-1,-1,16
17,17,17,17,17,18,-1,352,353,354,355,49,50,51,-1,-1,-1,-1,-1,-1,-1,-1,-1,-1,-1,-1,-1,16,17,17,17,17,17,17,17,17,17,17,17,17,17,17,17,17,17,17,17,17,17,17,17,18,-1,-1,-1,-1,-1,359,360,-1,-1,-1,-1,-1,-1,-1,16,17,17,17,17,17,17,17,17,17,17,17,17,17,17,17,18,-1,-1,544,545,546,547,548,549,550,-1,178,179,-1,-1,-1,-1,-1,-1,-1,-1,16
17,17,17,17,17,38,-1,368,369,370,371,240,240,240,240,240,240,240,240,240,240,240,240,240,240,240,240,16,17,17,17,17,17,17,17,17,17,17,17,17,17,17,17,17,17,17,17,17,17,17,17,18,386,372,374,-1,-1,375,376,-1,306,-1,-1,-1,-1,224,16,17,17,17,17,17,17,17,17,17,17,17,17,17,17,17,18,-1,-1,560,561,562,563,564,565,566,-1,-1,-1,-1,-1,-1,-1,-1,-1,-1,-1,16
17,17,17,17,17,17,1,1,1,1,1,1,1,1,1,1,1,1,1,1,1,1,1,1,1,1,1,17,17,17,17,17,17,17,17,17,17,17,17,17,17,17,17,17,17,17,17,17,17,17,17,35,1,1,1,1,1,1,1,1,1,1,1,1,1,1,37,17,17,17,17,17,17,17,17,17,17,17,17,17,17,17,35,1,1,1,1,1,1,1,1,1,1,1,1,1,1,1,1,1,1,1,1,37
17,17,17,17,17,17,17,17,17,17,17,17,17,17,17,17,17,17,17,17,17,17,17,17,17,17,17,17,17,17,17,17,17,17,17,17,17,17,17,17,17,17,17,17,17,17,17,17,17,17,17,17,17,17,17,17,17,17,17,17,17,17,17,17,17,17,17,17,17,17,17,17,17,17,17,17,17,17,17,17,17,17,17,17,17,17,17,17,17,17,17,17,17,17,17,17,17,17,17,17,17,17,17,17
17,17,17,17,17,17,17,17,17,17,17,17,17,17,17,17,17,17,17,17,17,17,17,17,17,17,17,17,17,17,17,17,17,17,17,17,17,17,17,17,17,17,17,17,17,17,17,17,17,17,17,17,17,17,17,17,17,17,17,17,17,17,17,17,17,17,17,17,17,17,17,17,17,17,17,17,17,17,17,17,17,17,17,17,17,17,17,17,17,17,17,17,17,17,17,17,17,17,17,17,17,17,17,17
